id,router_name,GOLD_ORDER_NUMBER,customer_code,cust_name,Execution_date,cut_date,Site,product_identifier2
1,PTYO2811,10-1284558,689068,OTIS ELEVATOR COMPANY,2021-07-18 15:44,2021-06-07 00:00,689068_JPN_Toshima City_001,null
2,PABJ453,10-1244821,676185,SANOFI AVENTIS,2021-07-18 15:46,2021-06-08 00:00,676185_CIV_Abidjan_001,null
3,POSA657,10-1284556,689068,OTIS ELEVATOR COMPANY,2021-07-18 15:50,2021-06-09 00:00,689068_JPN_Osaka_005,null
4,PFUK276,10-1284770,689068,OTIS ELEVATOR COMPANY,2021-07-18 15:51,2021-06-10 00:00,689068_JPN_Fukuoka_003,null
5,PFUK273,10-1284777,689068,OTIS ELEVATOR COMPANY,2021-07-18 15:51,2021-06-11 00:00,689068_JPN_Kurume_002,null
6,PFUK278,10-1284774,689068,OTIS ELEVATOR COMPANY,2021-07-18 15:52,2021-06-12 00:00,689068_JPN_Kasuga_001,null
7,PTRI019,10-1250744,688200,WORLEY GROUP INC.,2021-07-18 15:53,2021-06-13 00:00,688200_USA_Kingsport_001,null
8,PNEW045,10-1274865,688200,WORLEY GROUP INC.,2021-07-18 16:06,2021-06-14 00:00,688200_USA_Metairie_001,null
9,PLRT152,10-1283561,684143,INDITEX SA,2021-07-18 16:07,2021-06-15 00:00,684143_FRA_Lorient_001,null
10,PEMT015,10-1250797,688200,WORLEY GROUP INC.,2021-07-18 16:44,2021-06-16 00:00,688200_USA_Monrovia_001,null
11,PBHD047,10-1325553,689614,SIEMENS ENERGY,2021-07-18 16:45,2021-06-17 00:00,689614_GBR_Islandmagee_001,null
12,PPOR020,10-1274851,688200,WORLEY GROUP INC.,2021-07-18 16:55,2021-06-18 00:00,688200_FIN_Harjavalta_001,null
13,PBIS009,10-1250547,688200,WORLEY GROUP INC.,2021-06-20 15:10,2021-06-19 00:00,688200_USA_Bismarck_001,null
14,PELS034,10-1304946,680264,AURECON AUSTRALASIA PTY LTD,2021-06-24 16:01,2021-06-20 00:00,AOLAD,null
15,PJNB2163,10-1304948,680264,AURECON AUSTRALASIA PTY LTD,2021-06-24 16:02,2021-06-21 00:00,AOLAD,null
16,PPRY144,Others,680264,AURECON AUSTRALASIA PTY LTD,2021-12-28 04:18,2021-06-22 00:00,680264_ZAF_Pretoria_002,null
17,POXG026,10-1299468,684143,INDITEX SA,2021-06-24 16:03,2021-06-23 00:00,684143_FRA_Angers_003,null
18,PPLZ091,10-1304941,680264,AURECON AUSTRALASIA PTY LTD,2021-06-24 16:03,2021-06-24 00:00,AOLAD,null
19,PQNL244,10-1221564,684143,INDITEX SA,2021-06-27 15:42,2021-06-25 00:00,684143_FRA_Paris-12E-Arrondiss,null
20,PXFF030,10-1283540,684143,INDITEX SA,2021-06-27 15:45,2021-06-26 00:00,684143_FRA_Coquelles_002,null
21,PLCJ5340,10-1284443,684143,INDITEX SA,2021-07-01 15:57,2021-06-27 00:00,684143_POL_Lodz_009,null
22,PMGM179,10-1250556,688200,WORLEY GROUP INC.,2021-07-19 15:39,2021-06-28 00:00,688200_USA_Burkville_001,null
23,PBDS097,10-1297540,676185,SANOFI AVENTIS,2021-07-05 00:00,2021-06-29 00:00,676185_ITA_Brindisi_00001_MIG_,null
24,PLUX1400,10-1287415,689068,OTIS ELEVATOR COMPANY,2021-07-07 16:05,2021-06-30 00:00,689068_LUX_Howald_001,null
25,PSNA105,10-1250552,688200,WORLEY GROUP INC.,2021-07-14 21:47,2021-07-01 00:00,688200_USA_Costa Mesa_001,null
26,PTYO2796,10-1285290,689068,OTIS ELEVATOR COMPANY,2021-07-21 15:45,2021-07-02 00:00,689068_JPN_Kokubunji_001,null
27,PSPX002,10-1342337,688200,WORLEY GROUP INC.,2021-07-22 23:30,2021-07-03 00:00,688200_USA_Pasadena_001,null
28,PBAK345,10-1274838,688200,WORLEY GROUP INC.,2021-07-23 15:36,2021-07-04 00:00,688200_AZE_Baku_001,null
29,PQOM049,10-1284571,689068,OTIS ELEVATOR COMPANY,2021-07-23 15:36,2021-07-05 00:00,689068_JPN_Kawagoe_001,null
30,PXEA005,10-1336946,688200,WORLEY GROUP INC.,2021-07-25 15:33,2021-07-06 00:00,688200_CAN_Burnaby_001,null
31,PLRH114,10-1221646,684143,INDITEX SA,2021-07-31 15:52,2021-07-07 00:00,684143_FRA_La Rochelle_001,null
32,PSGN697,10-1287621,676185,SANOFI AVENTIS,2021-07-31 16:09,2021-07-08 00:00,HCP - Ho Chi Minh City,null
33,PSGN698,10-1287617,676185,SANOFI AVENTIS,2021-08-01 15:37,2021-07-09 00:00,HCP - Ho Chi Minh City,null
34,PUIO339,Orders,676185,SANOFI AVENTIS,2021-08-01 15:39,2021-07-10 00:00,676185_ECU_Quito_002,null
35,PMOW3289,10-1274857,688200,WORLEY GROUP INC.,2021-08-05 16:27,2021-07-11 00:00,688200_RUS_Moskva_001,null
36,PMHV001,10-1250557,688200,WORLEY GROUP INC.,2021-08-05 16:34,2021-07-12 00:00,688200_USA_Boron_001,null
37,PCHS076,10-1250736,688200,WORLEY GROUP INC.,2021-08-05 16:34,2021-07-13 00:00,688200_USA_Moncks Corner_001,null
38,PQOM048,10-1284576,689068,OTIS ELEVATOR COMPANY,2021-08-05 16:35,2021-07-14 00:00,689068_JPN_Saitama_003,null
39,PTYO2807,10-1285211,689068,OTIS ELEVATOR COMPANY,2021-08-06 15:56,2021-07-15 00:00,689068_JPN_Adachi City_002,null
40,PHIW008,10-1284488,689068,OTIS ELEVATOR COMPANY,2021-08-06 15:56,2021-07-16 00:00,689068_JPN_Hiroshima_001,null
41,PBTR068,10-1250558,688200,WORLEY GROUP INC.,2021-08-06 15:57,2021-07-17 00:00,688200_USA_Baton Rouge_002,null
42,PUKY032,10-1295242,689068,OTIS ELEVATOR COMPANY,2021-08-20 15:50,2021-07-18 00:00,689068_JPN_Kyoto_001,null
43,PJKT1600,10-1274852,688200,WORLEY GROUP INC.,2021-08-21 15:38,2021-07-19 00:00,688200_IDN_Kecamatan Tanah Aba,null
44,PQNZ005,10-1285522,689068,OTIS ELEVATOR COMPANY,2021-08-22 15:34,2021-07-20 00:00,689068_JPN_Yamatokoriyama_002,null
45,PTYO2803,10-1285090,689068,OTIS ELEVATOR COMPANY,2021-08-25 15:42,2021-07-21 00:00,689068_JPN_Chiyoda City_001,null
46,PYUL632,Orders,676185,SANOFI AVENTIS,2021-08-26 15:44,2021-07-22 00:00,LAL - Laval New Headquarters,null
47,PQFC316,10-1262286,684143,INDITEX SA,2021-08-26 15:45,2021-07-23 00:00,684143_FRA_Thiais_003,null
48,POSA654,10-1284564,689068,OTIS ELEVATOR COMPANY,2021-08-27 16:00,2021-07-24 00:00,689068_JPN_Kawachinagano_001,null
49,PTYO2810,10-1285246,689068,OTIS ELEVATOR COMPANY,2021-08-27 16:02,2021-07-25 00:00,689068_JPN_Hachioji_001,null
50,PTAS289,10-1274867,688200,WORLEY GROUP INC.,2021-08-28 15:41,2021-07-26 00:00,688200_UZB_Tashkent_001,null
51,PNJA037,10-1285488,689068,OTIS ELEVATOR COMPANY,2021-08-28 15:42,2021-07-27 00:00,689068_JPN_Yamato_001,null
52,PSPK125,10-1284526,689068,OTIS ELEVATOR COMPANY,2021-09-09 16:09,2021-07-28 00:00,689068_JPN_Sapporo_001,null
53,POSA665,10-1284543,689068,OTIS ELEVATOR COMPANY,2021-09-09 16:09,2021-07-29 00:00,689068_JPN_Osaka_004,null
54,PCKG108,10-1354626,689068,OTIS ELEVATOR COMPANY,2021-09-09 16:19,2021-07-30 00:00,689068_CHN_Chongqing Shi_001,null
55,POSA655,10-1285117,689068,OTIS ELEVATOR COMPANY,2021-09-09 16:21,2021-07-31 00:00,689068_JPN_Hirakata_001,null
56,PCKG089,10-1354626,689068,OTIS ELEVATOR COMPANY,2021-09-09 16:21,2021-08-01 00:00,689068_CHN_Chongqing Shi_001,null
57,PQSZ058,10-1284483,689068,OTIS ELEVATOR COMPANY,2021-09-09 16:22,2021-08-02 00:00,689068_JPN_Shizuoka_001,null
58,PQSZ056,10-1284583,689068,OTIS ELEVATOR COMPANY,2021-09-09 16:23,2021-08-03 00:00,689068_JPN_Hamamatsu_001,null
59,PUBJ020,10-1284566,689068,OTIS ELEVATOR COMPANY,2021-09-09 16:28,2021-08-04 00:00,689068_JPN_Hofu_001,null
60,PQQM014,10-1285057,689068,OTIS ELEVATOR COMPANY,2021-09-10 15:47,2021-08-05 00:00,689068_GBR_Swinton_001,null
61,PQQM013,10-1285057,689068,OTIS ELEVATOR COMPANY,2021-09-10 15:47,2021-08-06 00:00,689068_GBR_Swinton_001,null
62,PYOK296,10-1284277,689068,OTIS ELEVATOR COMPANY,2021-09-11 15:43,2021-08-07 00:00,689068_JPN_Yokohama_001,null
63,PTYO2802,10-1284481,689068,OTIS ELEVATOR COMPANY,2021-09-17 15:45,2021-08-08 00:00,689068_JPN_Chuo City_001,null
64,PQFL003,10-1245466,672782,SCHENKER AG,2021-09-23 16:05,2021-08-09 00:00,672782_DEU_Freilassing_002,null
65,PFWI010,10-1319951,689068,OTIS ELEVATOR COMPANY,2021-09-23 16:06,2021-08-10 00:00,689068_KWT_Kuwait City_001,null
66,PQVA134,10-1301690,676185,SANOFI AVENTIS,2021-09-26 15:44,2021-08-11 00:00,ORI - Origgio,null
67,PFWI011,10-1320964,689068,OTIS ELEVATOR COMPANY,2021-09-26 15:44,2021-08-12 00:00,689068_KWT_Shuwaikh Port_001,null
68,PQVA135,10-1301850,676185,SANOFI AVENTIS,2021-09-26 15:44,2021-08-13 00:00,ORI - Origgio,null
69,POKJ070,10-1285529,689068,OTIS ELEVATOR COMPANY,2021-10-02 16:18,2021-08-14 00:00,689068_JPN_Okayama_001,null
70,PUKB095,10-1284487,689068,OTIS ELEVATOR COMPANY,2021-10-02 16:23,2021-08-15 00:00,689068_JPN_Kobe_001,null
71,PAUH812,10-1250541,688200,WORLEY GROUP INC.,2021-10-02 16:23,2021-08-16 00:00,688200_ARE_Abu Dhabi_001,null
72,PFUK271,10-1285310,689068,OTIS ELEVATOR COMPANY,2021-10-02 16:25,2021-08-17 00:00,689068_JPN_Kurume_003,null
73,PTYO2793,10-1285109,689068,OTIS ELEVATOR COMPANY,2021-10-02 16:30,2021-08-18 00:00,689068_JPN_Shibuya City_002,null
74,PCBG222,10-1190393,676185,SANOFI AVENTIS,2021-10-02 16:31,2021-08-19 00:00,HAV - Genzyme Haverhill,null
75,PCBG223,10-1190393,676185,SANOFI AVENTIS,2021-10-02 16:31,2021-08-20 00:00,HAV - Genzyme Haverhill,null
76,PPME193,10-1327041,689068,OTIS ELEVATOR COMPANY,2021-10-02 16:33,2021-08-21 00:00,689068_GBR_Portsmouth_001,null
77,PKMJ013,10-1285100,689068,OTIS ELEVATOR COMPANY,2021-10-02 16:33,2021-08-22 00:00,689068_JPN_Kumamoto_001,null
78,PNGO479,10-1284484,689068,OTIS ELEVATOR COMPANY,2021-10-03 15:38,2021-08-23 00:00,689068_JPN_Nagoya_001,null
79,PFUK272,10-1284490,689068,OTIS ELEVATOR COMPANY,2021-10-06 16:31,2021-08-24 00:00,689068_JPN_Fukuoka_001,null
80,PDXB2167,10-1274760,688200,WORLEY GROUP INC.,2021-10-07 16:29,2021-08-25 00:00,688200_ARE_Dubai_001,null
81,POIT027,10-1284569,689068,OTIS ELEVATOR COMPANY,2021-10-07 16:32,2021-08-26 00:00,689068_JPN_Oita_001,null
82,PAQI001,10-1325246,688200,WORLEY GROUP INC.,2021-10-08 16:22,2021-08-27 00:00,688200_SAU_Khafji_001,null
83,PLOS909,10-1348188,689614,SIEMENS ENERGY,2021-10-08 16:22,2021-08-28 00:00,689614_NGA_Lagos_001,null
84,PTYO2795,10-1285104,689068,OTIS ELEVATOR COMPANY,2021-10-08 16:23,2021-08-29 00:00,689068_JPN_Shibuya City_001,null
85,PTYO2805,10-1284574,689068,OTIS ELEVATOR COMPANY,2021-10-11 15:36,2021-08-30 00:00,689068_JPN_Bunkyo City_001,null
86,PTYO2804,10-1284574,689068,OTIS ELEVATOR COMPANY,2021-10-11 15:36,2021-08-31 00:00,689068_JPN_Bunkyo City_001,null
87,PBLR1491,10-1327008,689068,OTIS ELEVATOR COMPANY,2021-10-15 15:49,2021-09-01 00:00,689068_IND_Bengaluru_001,null
88,PBLR1492,10-1327008,689068,OTIS ELEVATOR COMPANY,2021-10-15 15:50,2021-09-02 00:00,689068_IND_Bengaluru_001,null
89,PCCS970,10-1146657,7294,EQUINOR ASA,2021-10-16 15:48,2021-09-03 00:00,7294_VEN_Caracas_00001,null
90,PCCS971,10-1146657,7294,EQUINOR ASA,2021-10-16 15:49,2021-09-04 00:00,7294_VEN_Caracas_00001,null
91,PSDJ083,10-1284527,689068,OTIS ELEVATOR COMPANY,2021-10-17 15:37,2021-09-05 00:00,689068_JPN_Sendai_001,null
92,POSA658,10-1285113,689068,OTIS ELEVATOR COMPANY,2021-10-20 15:50,2021-09-06 00:00,689068_JPN_Osaka_001,null
93,POPO777,10-1325432,689068,OTIS ELEVATOR COMPANY,2021-10-21 16:05,2021-09-07 00:00,689068_PRT_Moreira_001,null
94,POSA662,10-1284539,689068,OTIS ELEVATOR COMPANY,2021-10-21 16:06,2021-09-08 00:00,689068_JPN_Osaka_003,null
95,POSA656,10-1284537,689068,OTIS ELEVATOR COMPANY,2021-10-21 16:06,2021-09-09 00:00,689068_JPN_Moriguchi_001,null
96,PCBP083,10-1325487,689068,OTIS ELEVATOR COMPANY,2021-10-22 16:08,2021-09-10 00:00,689068_PRT_Coimbra_001,null
97,PSHJ165,10-1327066,689068,OTIS ELEVATOR COMPANY,2021-10-22 16:09,2021-09-11 00:00,689068_ARE_Sharjah_002,null
98,POSA659,10-1285478,689068,OTIS ELEVATOR COMPANY,2021-10-24 15:40,2021-09-12 00:00,689068_JPN_Osaka_006,null
99,PDXB2160,10-1325522,689068,OTIS ELEVATOR COMPANY,2021-10-24 15:41,2021-09-13 00:00,689068_ARE_Dubai_002,null
100,PQLR045,10-1327021,689068,OTIS ELEVATOR COMPANY,2021-10-24 15:41,2021-09-14 00:00,689068_PRT_Leiria_001,null
101,PZAV071,10-1327019,689068,OTIS ELEVATOR COMPANY,2021-10-24 15:42,2021-09-15 00:00,689068_PRT_Aveiro_001,null
102,POSA660,10-1284525,689068,OTIS ELEVATOR COMPANY,2021-10-25 16:25,2021-09-16 00:00,689068_JPN_Osaka_002,null
103,POSA661,10-1284525,689068,OTIS ELEVATOR COMPANY,2021-10-25 16:25,2021-09-17 00:00,689068_JPN_Osaka_002,null
104,PVSE038,10-1327020,689068,OTIS ELEVATOR COMPANY,2021-10-28 16:27,2021-09-18 00:00,689068_PRT_Viseu_001,null
105,PQCB116,10-1284514,689068,OTIS ELEVATOR COMPANY,2021-10-30 16:28,2021-09-19 00:00,689068_JPN_Shibayama_002,null
106,PQCB115,10-1284514,689068,OTIS ELEVATOR COMPANY,2021-10-30 16:28,2021-09-20 00:00,689068_JPN_Shibayama_002,null
107,PQKW024,10-1284535,689068,OTIS ELEVATOR COMPANY,2021-10-30 16:29,2021-09-21 00:00,689068_JPN_Kawasaki_002,null
108,PZYN005,10-1289843,684143,INDITEX SA,2021-10-31 16:44,2021-09-22 00:00,684143_FRA_Nîmes_001,null
109,PQBH239,10-1221636,684143,INDITEX SA,2021-10-31 16:45,2021-09-23 00:00,684143_FRA_Villeneuve-la-Garen,null
110,PYMM012,10-1333332,688200,WORLEY GROUP INC.,2021-11-03 16:56,2021-09-24 00:00,688200_CAN_Fort McMurray_003,null
111,PYBW002,10-1325351,688200,WORLEY GROUP INC.,2021-11-03 16:56,2021-09-25 00:00,688200_CAN_Calgary_006,null
112,PMCT516,10-1250543,688200,WORLEY GROUP INC.,2021-11-03 16:56,2021-09-26 00:00,688200_OMN_Muscat_001,null
113,PBGZ037,10-1327018,689068,OTIS ELEVATOR COMPANY,2021-11-10 16:32,2021-09-27 00:00,689068_PRT_Braga_001,null
114,PIST2365,10-1285540,689068,OTIS ELEVATOR COMPANY,2021-11-11 16:00,2021-09-28 00:00,689068_TUR_Sariyer_002,null
115,PQSZ059,10-1285116,689068,OTIS ELEVATOR COMPANY,2021-11-11 16:01,2021-09-29 00:00,689068_JPN_Mishima_001,null
116,PIST2364,10-1285540,689068,OTIS ELEVATOR COMPANY,2021-11-11 16:02,2021-09-30 00:00,689068_TUR_Sariyer_003,null
117,PBRN509,10-1326951,689068,OTIS ELEVATOR COMPANY,2021-11-12 16:10,2021-10-01 00:00,689068_CHE_Belp_001,null
118,PFAO097,10-1325488,689068,OTIS ELEVATOR COMPANY,2021-11-13 15:51,2021-10-02 00:00,689068_PRT_Albufeira_001,null
119,PQCB120,10-1284572,689068,OTIS ELEVATOR COMPANY,2021-11-13 15:52,2021-10-03 00:00,689068_JPN_Funabashi_001,null
120,PANK646,10-1285552,689068,OTIS ELEVATOR COMPANY,2021-11-14 15:39,2021-10-04 00:00,689068_TUR_Candarli Mahallesi_,null
121,PBOM2686,10-1326998,689068,OTIS ELEVATOR COMPANY,2021-11-15 15:45,2021-10-05 00:00,689068_IND_Mumbai_001,null
122,PBOM2687,10-1326998,689068,OTIS ELEVATOR COMPANY,2021-11-15 15:45,2021-10-06 00:00,689068_IND_Mumbai_001,null
123,PATH2319,10-1351169,689068,OTIS ELEVATOR COMPANY,2021-11-17 16:19,2021-10-07 00:00,689068_GRC_Nea Ionia_001,null
124,PXZI007,10-1292701,684143,INDITEX SA,2021-11-17 16:20,2021-10-08 00:00,684143_FRA_Metz_003,null
125,PCVT301,10-1362755,689614,SIEMENS ENERGY,2021-11-18 16:15,2021-10-09 00:00,689614_GBR_Warwick_001,null
126,PQQN015,10-1362764,689614,SIEMENS ENERGY,2021-11-18 16:15,2021-10-10 00:00,689614_GBR_Worcester_002,null
127,PATH2320,10-1351168,689068,OTIS ELEVATOR COMPANY,2021-11-18 16:16,2021-10-11 00:00,689068_GRC_Zografou_001,null
128,PIST2359,10-1285547,689068,OTIS ELEVATOR COMPANY,2021-11-18 16:16,2021-10-12 00:00,689068_TUR_Beylikduzu Osb_001,null
129,PGZT019,10-1285962,689068,OTIS ELEVATOR COMPANY,2021-11-18 16:16,2021-10-13 00:00,689068_TUR_Gaziantep_001,null
130,PXZI006,10-1292701,684143,INDITEX SA,2021-11-18 16:16,2021-10-14 00:00,684143_FRA_Metz_003,null
131,PQQN016,10-1362764,689614,SIEMENS ENERGY,2021-11-18 16:17,2021-10-15 00:00,689614_GBR_Worcester_002,null
132,PXSZ043,10-1325493,689068,OTIS ELEVATOR COMPANY,2021-11-19 16:12,2021-10-16 00:00,689068_PRT_Setubal_001,null
133,PBOM2688,10-1326985,689068,OTIS ELEVATOR COMPANY,2021-11-19 16:13,2021-10-17 00:00,689068_IND_Navi Mumbai_001,null
134,PBOM2689,10-1326985,689068,OTIS ELEVATOR COMPANY,2021-11-19 16:13,2021-10-18 00:00,null,null
135,PBTZ110,10-1285577,689068,OTIS ELEVATOR COMPANY,2021-11-20 15:46,2021-10-19 00:00,689068_TUR_Bursa_001,null
136,PIST2362,10-1285352,689068,OTIS ELEVATOR COMPANY,2021-11-21 15:38,2021-10-20 00:00,689068_TUR_Istanbul_001,null
137,POSA664,10-1284584,689068,OTIS ELEVATOR COMPANY,2021-11-21 15:39,2021-10-21 00:00,689068_JPN_Sakai_001,null
138,POSA663,10-1285510,689068,OTIS ELEVATOR COMPANY,2021-11-21 15:40,2021-10-22 00:00,689068_JPN_Osaka_007,null
139,PBLR1496,10-1326962,689068,OTIS ELEVATOR COMPANY,2021-11-22 15:53,2021-10-23 00:00,689068_IND_Bengaluru_003,null
140,PBLR1495,10-1326962,689068,OTIS ELEVATOR COMPANY,2021-11-22 15:54,2021-10-24 00:00,689068_IND_Bengaluru_003,null
141,PQCB117,10-1284524,689068,OTIS ELEVATOR COMPANY,2021-11-25 16:24,2021-10-25 00:00,689068_JPN_Shibayama_001,null
142,PQCB118,10-1284524,689068,OTIS ELEVATOR COMPANY,2021-11-25 16:25,2021-10-26 00:00,689068_JPN_Shibayama_001,null
143,PIAH224,10-1345799,689614,SIEMENS ENERGY,2021-11-25 16:26,2021-10-27 00:00,689614_USA_Deer Park_001,null
144,PIAH223,10-1345799,689614,SIEMENS ENERGY,2021-11-25 16:26,2021-10-28 00:00,689614_USA_Deer Park_001,null
145,PHSV050,10-1339468,689614,SIEMENS ENERGY,2021-11-25 16:26,2021-10-29 00:00,689614_USA_Fort Payne_001,null
146,PHSV049,10-1339468,689614,SIEMENS ENERGY,2021-11-25 16:26,2021-10-30 00:00,689614_USA_Fort Payne_001,null
147,PHKG3973,10-1351542,689068,OTIS ELEVATOR COMPANY,2021-11-29 15:50,2021-10-31 00:00,689068_HKG_Kowloon Bay_003,null
148,PHKG3974,10-1351542,689068,OTIS ELEVATOR COMPANY,2021-11-29 15:50,2021-11-01 00:00,689068_HKG_Kowloon Bay_003,null
149,PBLR1493,10-1326960,689068,OTIS ELEVATOR COMPANY,2021-11-29 15:51,2021-11-02 00:00,689068_IND_Bengaluru_002,null
150,PBLR1494,10-1326960,689068,OTIS ELEVATOR COMPANY,2021-11-29 15:51,2021-11-03 00:00,689068_IND_Bengaluru_002,null
151,PHYD481,10-1326969,689068,OTIS ELEVATOR COMPANY,2021-12-23 09:59,2021-11-04 00:00,689068_IND_Hyderabad_001,null
152,PHYD482,10-1326969,689068,OTIS ELEVATOR COMPANY,2021-12-23 09:59,2021-11-05 00:00,689068_IND_Hyderabad_001,null
153,PWRO4922,10-1287371,57617,APH TYPE 2 INFRASTRUCTURE,2021-12-24 05:49,2021-11-06 00:00,57617_POL_Wroclaw_001,null
154,PFIH126,10-1232733,57617,APH TYPE 2 INFRASTRUCTURE,2021-12-24 05:50,2021-11-07 00:00,57617_COD_Kinshasa_001,null
155,PBOM2292,10-1172552,684808,BASF SE,2021-12-24 05:50,2021-11-08 00:00,684808_IND_Navi Mumbai_002,null
156,PBOM2293,10-1172552,684808,BASF SE,2021-12-24 05:50,2021-11-09 00:00,684808_IND_Navi Mumbai_002,null
157,PLPL464,10-1287198,57617,APH TYPE 2 INFRASTRUCTURE,2021-12-24 05:50,2021-11-10 00:00,57617_GBR_Liverpool_002,null
158,PPHC138,10-1284806,10524,MAERSK LINE AS,2021-12-24 05:50,2021-11-11 00:00,NGPHC02,null
159,PPNY025,10-1260716,674826,SIEMENS AG,2021-12-24 05:51,2021-11-12 00:00,674826_IND_Puducherry_00002,null
160,PSIN5114,10-1280759,10770,STOLT NIELSEN BV,2021-12-24 05:51,2021-11-13 00:00,10770_SGP_Jurong Island_001,null
161,PXPN056,10-1229898,30623,MERITOR,2021-12-24 05:52,2021-11-14 00:00,30623_CAN_Brampton_001,null
162,PMIL4080,10-1193604,684808,BASF SE,2021-12-24 05:52,2021-11-15 00:00,684808_ITA_Cesano Maderno_012,null
163,PCPT645,10-1226056,684808,BASF SE,2021-12-24 05:52,2021-11-16 00:00,684808_ZAF_Parow_002,null
164,PZNQ075,10-1173541,684808,BASF SE,2021-12-24 05:52,2021-11-17 00:00,684808_DEU_Ingolstadt_002,null
165,PSGN832,10-1236638,30075,PHILIP MORRIS INTERNATIONAL,2021-12-24 05:52,2021-11-18 00:00,30075_VNM_Ho Chi Minh City_001,null
166,PSGN833,10-1236638,30075,PHILIP MORRIS INTERNATIONAL,2021-12-24 05:53,2021-11-19 00:00,30075_VNM_Ho Chi Minh City_001,null
167,PELS022,10-1214944,10524,MAERSK LINE AS,2021-12-24 05:53,2021-11-20 00:00,10524_ZAF_East London_002,null
168,PBAH365,10-1296449,10524,MAERSK LINE AS,2021-12-24 05:53,2021-11-21 00:00,BHMAN06,null
169,PBAH366,10-1296450,10524,MAERSK LINE AS,2021-12-24 05:53,2021-11-22 00:00,BHMAN06,null
170,PCHC163,Internal,53849,AIRPORTHUB,2021-12-24 05:53,2021-11-23 00:00,53849_NZL_Christchurch_003,null
171,PCHC162,Internal,53849,AIRPORTHUB,2021-12-24 05:54,2021-11-24 00:00,53849_NZL_Christchurch_003,null
172,SMOW2809,10-1284387,39398,MASTERCARD INTERNATIONAL,2021-12-24 05:54,2021-11-25 00:00,39398_RUS_Moscow_029,null
173,PMIL4079,10-1193604,684808,BASF SE,2021-12-24 05:54,2021-11-26 00:00,684808_ITA_Cesano Maderno_012,null
174,SDAC635,10-1295302,14359,MASTERCARD INTERNATIONAL,2021-12-24 05:54,2021-11-27 00:00,14359_BGD_Dhaka_008,null
175,PAOH008,10-1228523,684808,BASF SE,2021-12-24 05:54,2021-11-28 00:00,684808_USA_Lima_001,null
176,PRUH678,,33169,REGERINGSKANSLIET FORVALTNINGSAVDEL,2021-12-24 05:55,2021-11-29 00:00,Riyadh,null
177,PPAR9155,10-1133690,9396,GIVAUDAN INTERNATIONAL SA,2021-12-24 05:55,2021-11-30 00:00,GIVA_Paris_2,null
178,PPAR9156,10-1133690,9396,GIVAUDAN INTERNATIONAL SA,2021-12-24 05:55,2021-12-01 00:00,GIVA_Paris_2,null
179,PAVL021,10-1229897,30623,MERITOR,2021-12-24 05:55,2021-12-02 00:00,30623_USA_Asheville_001,null
180,PUES013,10-1159417,670409,DSM BUSINESS SERVICES BV,2021-12-24 05:56,2021-12-03 00:00,0550_Waukesha,null
181,PMUC2583,10-1238427,30075,PHILIP MORRIS INTERNATIONAL,2021-12-24 05:56,2021-12-04 00:00,30075_DEU_Grafelfing_00004,null
182,PMUC2582,10-1238427,30075,PHILIP MORRIS INTERNATIONAL,2021-12-24 05:56,2021-12-05 00:00,30075_DEU_Grafelfing_00004,null
183,PKYN240,10-1226046,684808,BASF SE,2021-12-24 05:56,2021-12-06 00:00,684808_GBR_Bletchley_004,null
184,PKYN241,10-1226046,684808,BASF SE,2021-12-24 05:56,2021-12-07 00:00,684808_GBR_Bletchley_004,null
185,PYHZ081,10-1191684,670409,DSM BUSINESS SERVICES BV,2021-12-24 05:57,2021-12-08 00:00,"0750_Dartmouth, CA",null
186,PWAW13629,10-1211564,39350,AVERY DENNISON CORPORATION,2021-12-24 05:57,2021-12-09 00:00,39350_POL_Brwinow_001,null
187,PJKT1575,10-1211466,39350,AVERY DENNISON CORPORATION,2021-12-24 05:57,2021-12-10 00:00,"39350_IDN_Cikarang, Bekasi_001",null
188,SJED595,1098377,14359,MASTERCARD INTERNATIONAL,2021-12-24 05:57,2021-12-11 00:00,14359_SAU_Jeddah_001,null
189,PGSE049,10-1245832,686417,SCR SIBELCO NV,2021-12-24 05:57,2021-12-12 00:00,686417_SWE_Lilla Edet V_001,null
190,PTAS276,10-1139470,684628,TAKEDA PHARMACEUTICALS INT AG,2021-12-24 05:58,2021-12-13 00:00,684628_UZB_Tashkent_001,null
191,PPUF270,10-1188192,672782,SCHENKER AG,2021-12-24 05:58,2021-12-14 00:00,672782_FRA_Sauvagnon_001,null
192,PAGA027,10-1246352,10524,MAERSK LINE AS,2021-12-24 05:58,2021-12-15 00:00,MAAGA01',null
193,PBUE2324,,35503,SITA CORP. DATA,2021-12-24 05:58,2021-12-16 00:00,35503_ARG_Buenos Aires_00001,null
194,PPRG1737,10-1248880,30623,MERITOR,2021-12-24 05:58,2021-12-17 00:00,Meritor Vrchlabí,null
195,PANK610,10-1295872,684281,GETINGE AB,2021-12-24 05:59,2021-12-18 00:00,684281_TUR_Ankara_001,null
196,PBAH465,10-1290365,158,SAUDI ARABIAN AIRLINES,2021-12-24 05:59,2021-12-19 00:00,158_BHR_BAHRAIN_001,null
197,PBAH464,10-1290365,158,SAUDI ARABIAN AIRLINES,2021-12-24 05:59,2021-12-20 00:00,158_BHR_BAHRAIN_001,null
198,PNIM125,10-1081495,676244,SERVICE PUBLIC FEDERAL AFFAIRES ETR,2021-12-24 06:00,2021-12-21 00:00,676244_NER_Niamey_003,null
199,PZBA256,10-1136578,684808,BASF SE,2021-12-24 06:00,2021-12-22 00:00,684808_CHE_Basel_006,null
200,PZBA257,10-1136578,684808,BASF SE,2021-12-24 06:00,2021-12-23 00:00,684808_CHE_Basel_006,null
201,PMPL543,10-1186644,8045,DELL USA,2021-12-24 06:00,2021-12-24 00:00,8045_FRA_Montpellier_001,null
202,PSIN3137,10-1253567,30623,MERITOR,2021-12-24 06:01,2021-12-25 00:00,Jurong_dbscc583,null
203,PSIN3120,10-1253567,30623,MERITOR,2021-12-24 06:01,2021-12-26 00:00,Jurong_dbscc583,null
204,PTRI015,10-1232756,674826,SIEMENS AG,2021-12-24 06:01,2021-12-27 00:00,674826_USA_Johnson City_002,null
205,SIAH210,10-1186334,685790,BHP,2021-12-24 06:01,2021-12-28 00:00,685790_USA_Houston_002,null
206,SIAH209,10-1186334,685790,BHP,2021-12-24 06:01,2021-12-29 00:00,685790_USA_Houston_002,null
207,PSIN4609,10-1250623,30623,MERITOR,2021-12-24 06:02,2021-12-30 00:00,Jurong_dbscc583,null
208,POSM014,10-1283605,680234,ICRC,2021-12-24 06:02,2021-12-31 00:00,MOU_ICRC,null
209,POSM013,10-1283605,680234,ICRC,2021-12-24 06:02,2022-01-01 00:00,MOU_ICRC,null
210,PRIO1275,10-1243667,30075,PHILIP MORRIS INTERNATIONAL,2021-12-24 06:02,2022-01-02 00:00,30075_BRA_Rio de Janeiro_001,null
211,PRIO1274,10-1243667,30075,PHILIP MORRIS INTERNATIONAL,2021-12-24 06:02,2022-01-03 00:00,30075_BRA_Rio de Janeiro_001,null
212,PBDQ066,10-1194029,670409,DSM BUSINESS SERVICES BV,2021-12-24 06:03,2022-01-04 00:00,0724_Vadodara,null
213,PJKT1576,10-1211562,39350,AVERY DENNISON CORPORATION,2021-12-24 06:03,2022-01-05 00:00,"39350_IDN_Cikarang, Bekasi_001",null
214,PCAS615,10-1213431,9396,GIVAUDAN INTERNATIONAL SA,2021-12-24 06:03,2022-01-06 00:00,9396_MAR_Casablanca_002,null
215,PJKT1574,10-1211466,39350,AVERY DENNISON CORPORATION,2021-12-24 06:03,2022-01-07 00:00,"39350_IDN_Cikarang, Bekasi_001",null
216,PTLL058,10-1291888,25574,EUROPEAN COMMISSION CCNCSI,2021-12-24 06:04,2022-01-08 00:00,Customs and Taxation Estonia,null
217,PTLL214,10-1291888,25574,EUROPEAN COMMISSION CCNCSI,2021-12-24 06:04,2022-01-09 00:00,Customs and Taxation Estonia,null
218,PQOC026,10-1254086,30623,MERITOR,2021-12-24 06:04,2022-01-10 00:00,Osacso MCS1 &MCS2,null
219,PVVO100,,10524,MAERSK LINE AS,2021-12-24 06:04,2022-01-11 00:00,10524_RUS_Vladivostok__MIG1012,null
220,PHYD450,10-1228600,1908,AKZO NOBEL SOURCING BV,2021-12-24 06:04,2022-01-12 00:00,1908_IND_Hyderabad__MIG1135,null
221,PNSI019,10-1214429,9656,BUNDESREPUBLIK DEUTSCHLAND,2021-12-24 06:05,2022-01-13 00:00,9656_CMR_Yaounde_003,null
222,PKYI001,10-1172411,684808,BASF SE,2021-12-24 06:05,2022-01-14 00:00,684808_AUS_Yallabatharra_001,null
223,PTRN880,10-1246430,33852,CAP GEMINI SERVICE,2021-12-24 06:05,2022-01-15 00:00,33852_ITA_Torino_001,null
224,PTRN879,10-1246430,33852,CAP GEMINI SERVICE,2021-12-24 06:05,2022-01-16 00:00,33852_ITA_Torino_001,null
225,PPRG1924,10-1248893,30623,MERITOR,2021-12-24 06:06,2022-01-17 00:00,30623_CZE_Vrchlabi_001,null
226,PDAC598,,36572,MINISTRY OF FOREIGN AFFAIRS NETHERL,2021-12-24 06:06,2022-01-18 00:00,36572_BGD_Dhaka_00002,null
227,PNDB007,10-1269741,10524,MAERSK LINE AS,2021-12-24 06:06,2022-01-19 00:00,10524_MRT_Nouadhibou_00002,null
228,PMPL549,10-1202465,682297,EY GLOBAL SERVICES LIMITED,2021-12-24 06:06,2022-01-20 00:00,682297_FRA_Montpellier_001,null
229,PSIG028,10-1230150,674826,SIEMENS AG,2021-12-24 06:07,2022-01-21 00:00,674826_PRI_Guaynabo_004,null
230,PSIG034,10-1230144,674826,SIEMENS AG,2021-12-24 06:07,2022-01-22 00:00,674826_PRI_Guaynabo_004,null
231,POSL766,10-1294493,1908,AKZO NOBEL SOURCING BV,2021-12-24 06:07,2022-01-23 00:00,1908_NOR_Sofiemyr_00001,null
232,PLON6320,10-1294497,1908,AKZO NOBEL SOURCING BV,2021-12-24 06:08,2022-01-24 00:00,OLL LONX05 POP.,null
233,PLON6319,10-1294499,1908,AKZO NOBEL SOURCING BV,2021-12-24 06:08,2022-01-25 00:00,OLL LONX05 POP.,null
234,SDUB1540,10-1286566,39398,MASTERCARD INTERNATIONAL,2021-12-24 06:08,2022-01-26 00:00,39398_IRL_Dublin_00002,null
235,PHKG2363,10-1294498,1908,AKZO NOBEL SOURCING BV,2021-12-24 06:08,2022-01-27 00:00,APAC-OneGate-HongKong Data-XHK,null
236,SFRA3684,10-1288406,39398,MASTERCARD INTERNATIONAL,2021-12-24 06:09,2022-01-28 00:00,39398_DEU_Frankfurt am Main_00,null
237,SWAW13021,10-1294561,14359,MASTERCARD INTERNATIONAL,2021-12-24 06:09,2022-01-29 00:00,14359_POL_Blonie_001,null
238,PKWI520,10-1140650,36572,MINISTRY OF FOREIGN AFFAIRS NETHERL,2021-12-24 06:09,2022-01-30 00:00,Kuwait..,null
239,PMBA040,10-1272391,10524,MAERSK LINE AS,2021-12-24 06:09,2022-01-31 00:00,KEMBA02,null
240,PAEP133,10-1244627,30075,PHILIP MORRIS INTERNATIONAL,2021-12-24 06:10,2022-02-01 00:00,AR-BUE-OLI,null
241,PBGF024,10-1151933,680234,ICRC,2021-12-24 06:10,2022-02-02 00:00,BNG_ICRC,null
242,SMIL3857,1034391,39398,MASTERCARD INTERNATIONAL,2021-12-24 06:10,2022-02-03 00:00,39398_ITA_Pero_003,null
243,PPRG2231,10-1263019,674826,SIEMENS AG,2021-12-24 06:10,2022-02-04 00:00,674826_CZE_Prague_00024,null
244,PPRG2230,10-1263019,674826,SIEMENS AG,2021-12-24 06:10,2022-02-05 00:00,674826_CZE_Prague_00024,null
245,SIEV809,10-1286583,39398,MASTERCARD INTERNATIONAL,2021-12-24 06:11,2022-02-06 00:00,eUKR042,null
246,PBLQ549,10-1246414,33852,CAP GEMINI SERVICE,2021-12-24 06:11,2022-02-07 00:00,33852_ITA_Bologna_001,null
247,PAEP132,10-1244627,30075,PHILIP MORRIS INTERNATIONAL,2021-12-24 06:11,2022-02-08 00:00,AR-BUE-OLI,null
248,PIWS020,10-1156501,684808,BASF SE,2021-12-24 06:11,2022-02-09 00:00,684808_USA_Houston_004,null
249,PBRN478,10-1275705,25574,EUROPEAN COMMISSION CCNCSI,2021-12-24 06:11,2022-02-10 00:00,CHCU,null
250,PBRN479,10-1275705,25574,EUROPEAN COMMISSION CCNCSI,2021-12-24 06:12,2022-02-11 00:00,CHCU,null
251,PXVP107,10-1188978,9396,GIVAUDAN INTERNATIONAL SA,2021-12-24 06:12,2022-02-12 00:00,9396_FRA_Mitry-Mory_001,null
252,PLGW506,10-1254423,53849,AIRPORTHUB,2021-12-24 06:12,2022-02-13 00:00,53849_GBR_London_011,null
253,PLGW507,10-1254423,53849,AIRPORTHUB,2021-12-24 06:12,2022-02-14 00:00,53849_GBR_London_011,null
254,PXVP109,10-1188985,9396,GIVAUDAN INTERNATIONAL SA,2021-12-24 06:13,2022-02-15 00:00,9396_FRA_Mitry-Mory_001,null
255,PIWS019,10-1156501,684808,BASF SE,2021-12-24 06:13,2022-02-16 00:00,684808_USA_Houston_004,null
256,PCFE381,10-1181056,23542,TRELLEBORG AB PUBL,2021-12-24 06:13,2022-02-17 00:00,Clermont-Ferrand,null
257,PFMC002,10-1251917,677992,AMCOR GROUP GMBH,2021-12-24 06:13,2022-02-18 00:00,NA220 Amcor,null
258,PBNE1013,10-1293084,53849,AIRPORTHUB,2021-12-24 06:14,2022-02-19 00:00,53849_AUS_Brisbane_00003,null
259,PBNE1014,10-1293084,53849,AIRPORTHUB,2021-12-24 06:14,2022-02-20 00:00,53849_AUS_Brisbane_00003,null
260,PQRO201,10-1211414,39350,AVERY DENNISON CORPORATION,2021-12-24 06:14,2022-02-21 00:00,39350_MEX_Queretaro_001,null
261,PQRO202,10-1211414,39350,AVERY DENNISON CORPORATION,2021-12-24 06:15,2022-02-22 00:00,39350_MEX_Queretaro_001,null
262,PMKZ036,10-1189658,9396,GIVAUDAN INTERNATIONAL SA,2021-12-24 06:15,2022-02-23 00:00,9396_MYS_Melaka_001,null
263,PTGD059,10-1234383,25574,EUROPEAN COMMISSION CCNCSI,2021-12-24 06:15,2022-02-24 00:00,25574_MNE_Podgorica_001,null
264,PSEL1889,10-1240184,30075,PHILIP MORRIS INTERNATIONAL,2021-12-24 06:15,2022-02-25 00:00,KR-SEL-PMI,null
265,PSEL1888,10-1240184,30075,PHILIP MORRIS INTERNATIONAL,2021-12-24 06:16,2022-02-26 00:00,KR-SEL-PMI,null
266,PTGD058,10-1234383,25574,EUROPEAN COMMISSION CCNCSI,2021-12-24 06:16,2022-02-27 00:00,25574_MNE_Podgorica_001,null
267,PKJK168,10-1206938,684808,BASF SE,2021-12-24 06:16,2022-02-28 00:00,684808_BEL_Merelbeke_001,null
268,SJNB2140,10-1134969,1508,THE WESTERN UNION COMPANY,2021-12-24 06:16,2022-03-01 00:00,1508_ZAF_Samrand Business Park,null
269,SVTE113,10-1242477,39398,MASTERCARD INTERNATIONAL,2021-12-24 06:17,2022-03-02 00:00,39398_LAO_Vientiane Prefecture,null
270,PAAO031,10-1223740,674826,SIEMENS AG,2021-12-24 06:17,2022-03-03 00:00,674826_VEN_Caracas_00001_MIG_0,null
271,PSVX188,10-1241574,30075,PHILIP MORRIS INTERNATIONAL,2021-12-24 06:17,2022-03-04 00:00,RU-SVX-PMI,null
272,PMOW2364,,680720,POYRY PLC,2021-12-24 06:17,2022-03-05 00:00,RUMOW,null
273,PBWH005,10-1252017,39350,AVERY DENNISON CORPORATION,2021-12-24 06:18,2022-03-06 00:00,39350_MYS_Kulim_001,null
274,PMDW088,10-1200183,686849,MARS INFORMATION SERVICES INC,2021-12-24 06:18,2022-03-07 00:00,686849_USA_Chicago_008,null
275,PSAV043,10-1254596,684808,BASF SE,2021-12-24 06:18,2022-03-08 00:00,684808_USA_Savannah_003,null
276,PSAV044,10-1254596,684808,BASF SE,2021-12-24 06:18,2022-03-09 00:00,684808_USA_Savannah_003,null
277,PQLV029,10-1251912,677992,AMCOR GROUP GMBH,2021-12-24 06:18,2022-03-10 00:00,677992_ARG_Villa Adelina_001,null
278,PISM007,10-1220685,674826,SIEMENS AG,2021-12-24 06:19,2022-03-11 00:00,674826_USA_Gibsonton_002,null
279,PISM006,10-1220685,674826,SIEMENS AG,2021-12-24 06:19,2022-03-12 00:00,674826_USA_Gibsonton_002,null
280,PSIN4914,10-1204764,4233,MINISTRY OF FOREIGN AFFAIRS,2021-12-24 06:19,2022-03-13 00:00,4233_SGP_Singapore - move to n,null
281,PRIC190,10-1252792,677992,AMCOR GROUP GMBH,2021-12-24 06:19,2022-03-14 00:00,NA266 Amcor,null
282,PPNY023,10-1252497,677992,AMCOR GROUP GMBH,2021-12-24 06:19,2022-03-15 00:00,CA642 Amcor,null
283,SXVH068,10-1262880,1508,THE WESTERN UNION COMPANY,2021-12-24 06:20,2022-03-16 00:00,1508_GBR_Peterborough_00006,null
284,PQYI065,10-1123670,686959,SONY PICTURES ENTERTAINMENT,2021-12-24 06:20,2022-03-17 00:00,686959_NLD_Hilversum_001,null
285,PMEL1520,10-1100287,674826,SIEMENS AG,2021-12-24 06:20,2022-03-18 00:00,674826_AUS_Parkhurst_001,null
286,SMEX2057,10-1170816,685790,BHP,2021-12-24 06:20,2022-03-19 00:00,685790_MEX_Ciudad de México_00,null
287,PBJM093,10-1214179,9656,BUNDESREPUBLIK DEUTSCHLAND,2021-12-24 06:20,2022-03-20 00:00,9656_BDI_Bujumbura_001,null
288,PLBE003,10-1288591,674826,SIEMENS AG,2021-12-24 06:21,2022-03-21 00:00,OUSTARRS6905,null
289,PLBE004,10-1288591,674826,SIEMENS AG,2021-12-24 06:21,2022-03-22 00:00,OUSTARRS6905,null
290,PSHA3619,10-1171399,686849,MARS INFORMATION SERVICES INC,2021-12-24 06:21,2022-03-23 00:00,686849_CHN_Shanghai Shi_001,null
291,PSHA3620,10-1171399,686849,MARS INFORMATION SERVICES INC,2021-12-24 06:21,2022-03-24 00:00,686849_CHN_Shanghai Shi_001,null
292,PMUL002,10-1257141,684808,BASF SE,2021-12-24 06:22,2022-03-25 00:00,684808_USA_Sparks_002,null
293,PANK601,10-1081546,676244,SERVICE PUBLIC FEDERAL AFFAIRES ETR,2021-12-24 06:22,2022-03-26 00:00,676244_TUR_Ankara_001,null
294,PANK596,10-1081546,676244,SERVICE PUBLIC FEDERAL AFFAIRES ETR,2021-12-24 06:22,2022-03-27 00:00,676244_TUR_Ankara_001,null
295,PDEL2852,10-1254101,35730,STEFANINI,2021-12-24 06:23,2022-03-28 00:00,35730_IND_Noida_002,null
296,PBOG1495,Internal,53849,AIRPORTHUB,2021-12-24 06:23,2022-03-29 00:00,53849_COL_Bogotá_00005,null
297,PABJ409,10-1212039,680234,ICRC,2021-12-24 06:23,2022-03-30 00:00,680234_CIV_Abidjan_001,null
298,PBOG1496,Internal,53849,AIRPORTHUB,2021-12-24 06:23,2022-03-31 00:00,53849_COL_Bogotá_00005,null
299,PMIL4003,10-1289708,674826,SIEMENS AG,2021-12-24 06:24,2022-04-01 00:00,674826_ITA_Milano MI_001,null
300,PMEL1524,10-1292429,674826,SIEMENS AG,2021-12-24 06:24,2022-04-02 00:00,689614_AUS_Bayswater_008,null
301,PMUL001,10-1257141,684808,BASF SE,2021-12-24 06:24,2022-04-03 00:00,684808_USA_Sparks_002,null
302,PCTU498,10-1281777,6485,MINISTRY OF FOREIGN AFFAIRS AND TRA,2021-12-24 06:24,2022-04-04 00:00,6485_Chengdu - New,null
303,PGOA320,10-1273440,10524,MAERSK LINE AS,2021-12-24 06:24,2022-04-05 00:00,ITSVN02,null
304,PBKK1828,10-1209659,674826,SIEMENS AG,2021-12-24 06:25,2022-04-06 00:00,674826_THA_Bangkok_00012,null
305,SAMM459,10-1208476,39398,MASTERCARD INTERNATIONAL,2021-12-24 06:25,2022-04-07 00:00,39398_JOR_Amman_003,null
306,PMIL4002,10-1289708,674826,SIEMENS AG,2021-12-24 06:25,2022-04-08 00:00,674826_ITA_Milano MI_001,null
307,PRBA217,10-1283806,60742,AIR FRANCE - COMPAGNIE NATIONALE AIR FRANCE S.A.,2021-12-24 06:25,2022-04-09 00:00,60742_MAR_Rabat_002,null
308,PPAC093,10-1252149,30075,PHILIP MORRIS INTERNATIONAL,2021-12-24 06:26,2022-04-10 00:00,PA-PTY-PMI,null
309,PGDL360,10-1238285,30075,PHILIP MORRIS INTERNATIONAL,2021-12-24 06:26,2022-04-11 00:00,MX-ZAP-GLP,null
310,PGDL359,10-1238285,30075,PHILIP MORRIS INTERNATIONAL,2021-12-24 06:26,2022-04-12 00:00,MX-ZAP-GLP,null
311,PAMS2693,10-1172260,684808,BASF SE,2021-12-24 06:26,2022-04-13 00:00,684808_NLD_Amsterdam_002,null
312,PIAH204,10-1186334,685790,BHP,2021-12-24 06:27,2022-04-14 00:00,685790_USA_Houston_002,null
313,PCPT631,Internal,53849,AIRPORTHUB,2021-12-24 06:27,2022-04-15 00:00,53849_ZAF_Cape Town_005,null
314,PCPT630,Internal,53849,AIRPORTHUB,2021-12-24 06:27,2022-04-16 00:00,53849_ZAF_Cape Town_004,null
315,PPUU003,10-1199320,680234,ICRC,2021-12-24 06:27,2022-04-17 00:00,680234_COL_Puerto Asis_001,null
316,PBEG617,10-1240506,30075,PHILIP MORRIS INTERNATIONAL,2021-12-24 06:27,2022-04-18 00:00,RS-BEG-PMI,null
317,PBEG618,10-1240506,30075,PHILIP MORRIS INTERNATIONAL,2021-12-24 06:28,2022-04-19 00:00,RS-BEG-PMI,null
318,PPNH294,10-1214771,9656,BUNDESREPUBLIK DEUTSCHLAND,2021-12-24 06:28,2022-04-20 00:00,AA-KH-Phnom Penh,null
319,PQHZ123,10-1265377,30623,MERITOR,2021-12-24 06:28,2022-04-21 00:00,30623_NLD_Hoofddorp_00002,null
320,PMNL1816,10-1237846,30075,PHILIP MORRIS INTERNATIONAL,2021-12-24 06:28,2022-04-22 00:00,PH-BTG-BPL,null
321,PBLQ552,10-1236447,30075,PHILIP MORRIS INTERNATIONAL,2021-12-24 06:29,2022-04-23 00:00,IT-BLQ-RRP,null
322,PBLQ551,10-1236447,30075,PHILIP MORRIS INTERNATIONAL,2021-12-24 06:29,2022-04-24 00:00,IT-BLQ-RRP,null
323,SPVG615,10-1242876,14359,MASTERCARD INTERNATIONAL,2021-12-24 06:29,2022-04-25 00:00,14359_CHN_Shanghai Shi_007,null
324,SLHR2433,10-1275488,661428,MOODYS CORPORATION,2021-12-24 06:29,2022-04-26 00:00,661428_GBR_Slough_002,null
325,PKRK5671,10-1236399,30075,PHILIP MORRIS INTERNATIONAL,2021-12-24 06:30,2022-04-27 00:00,PL-KRK-FAC,null
326,PKRK5670,10-1236399,30075,PHILIP MORRIS INTERNATIONAL,2021-12-24 06:30,2022-04-28 00:00,PL-KRK-FAC,null
327,PBUH1387,10-1274365,8106,THE GOODYEAR TIRE AND RUBBER COMPAN,2021-12-24 06:30,2022-04-29 00:00,8106_ROU_Bucuresti_001,null
328,PMTY333,10-1251242,30623,MERITOR,2021-12-24 06:30,2022-04-30 00:00,Nuevo Leon,null
329,PZXP004,903003,1908,AKZO NOBEL SOURCING BV,2021-12-24 06:31,2022-05-01 00:00,1908_GBR_North Muirton Industr,null
330,PDND096,10-1286234,674826,SIEMENS AG,2021-12-24 06:31,2022-05-02 00:00,674826_GBR_Dundee_00002,null
331,PPTY361,Internal,53849,AIRPORTHUB,2021-12-24 06:31,2022-05-03 00:00,53849_PAN_Panama City_002,null
332,PPTY362,Internal,53849,AIRPORTHUB,2021-12-24 06:31,2022-05-04 00:00,53849_PAN_Panama City_002,null
333,PGRU303,Internal,53849,AIRPORTHUB,2021-12-24 06:32,2022-05-05 00:00,53849_BRA_State of Sao Paulo_0,null
334,PGRU302,Internal,53849,AIRPORTHUB,2021-12-24 06:32,2022-05-06 00:00,53849_BRA_State of Sao Paulo_0,null
335,PMTY287,10-1297334,30623,MERITOR,2021-12-24 06:32,2022-05-07 00:00,Nuevo Leon,null
336,PSIN4335,10-1261964,53849,AIRPORTHUB,2021-12-24 06:32,2022-05-08 00:00,53849_SGP_Singapore_MIG,null
337,PSIN4334,10-1261964,53849,AIRPORTHUB,2021-12-24 06:32,2022-05-09 00:00,53849_SGP_Singapore_MIG,null
338,POSL840,,25574,EUROPEAN COMMISSION CCNCSI,2021-12-24 06:33,2022-05-10 00:00,25574_NOR_Oslo_00002,null
339,PFLA001,10-1196915,680234,ICRC,2021-12-24 06:33,2022-05-11 00:00,FLO_ICRC,null
340,PRNE063,10-1211460,39350,AVERY DENNISON CORPORATION,2021-12-24 06:33,2022-05-12 00:00,France - Bourg de Thizy,null
341,PKUL1815,,6485,MINISTRY OF FOREIGN AFFAIRS AND TRA,2021-12-24 06:33,2022-05-13 00:00,MFAT_KUALA LUMPUR_MY,null
342,PJKT1589,10-1262571,30075,PHILIP MORRIS INTERNATIONAL,2021-12-24 06:33,2022-05-14 00:00,ID-KRA-SAM,null
343,PJKT1592,10-1262571,30075,PHILIP MORRIS INTERNATIONAL,2021-12-24 06:34,2022-05-15 00:00,ID-KRA-SAM,null
344,PLED624,10-1242762,30075,PHILIP MORRIS INTERNATIONAL,2021-12-24 06:34,2022-05-16 00:00,RU-LED-IZH,null
345,PTUL281,10-1292593,674826,SIEMENS AG,2021-12-24 06:34,2022-05-17 00:00,689614_USA_Pryor_001,null
346,PREZ016,10-1257444,30623,MERITOR,2021-12-24 06:34,2022-05-18 00:00,30623_BRA_Rio de Janeiro_00002,null
347,PRMQ025,10-1192720,53849,AIRPORTHUB,2021-12-24 06:35,2022-05-19 00:00,53849_TWN_Taichung City_003,null
348,PGSE043,10-1236009,684808,BASF SE,2021-12-24 06:35,2022-05-20 00:00,684808_SWE_Kärra_003,null
349,PWOL077,10-1261656,683280,SOUTH32 LIMITED,2021-12-24 06:35,2022-05-21 00:00,Pyrmont_DC,null
350,PSYD3146,10-1260030,683280,SOUTH32 LIMITED,2021-12-24 06:35,2022-05-22 00:00,Orange North Ryde Datacentre,null
351,PSYD3145,10-1260030,683280,SOUTH32 LIMITED,2021-12-24 06:35,2022-05-23 00:00,Orange North Ryde Datacentre,null
352,PREZ002,10-1257530,30623,MERITOR,2021-12-24 06:36,2022-05-24 00:00,Resende Bairro Polo Industrial,null
353,PORD458,10-1284687,53849,AIRPORTHUB,2021-12-24 06:36,2022-05-25 00:00,53849_USA_Chicago_00001,null
354,PORD457,10-1284687,53849,AIRPORTHUB,2021-12-24 06:36,2022-05-26 00:00,53849_USA_Chicago_00001,null
355,PTUL282,10-1292593,674826,SIEMENS AG,2021-12-24 06:36,2022-05-27 00:00,689614_USA_Pryor_002,null
356,PPNQ555,10-1211499,39350,AVERY DENNISON CORPORATION,2021-12-25 02:42,2022-05-28 00:00,Pune_015159,null
357,PLNZ346,10-1264702,30623,MERITOR,2021-12-25 02:42,2022-05-29 00:00,30623_AUT_Steyr_001,null
358,PLNZ348,10-1264702,30623,MERITOR,2021-12-25 02:43,2022-05-30 00:00,30623_AUT_Steyr_001,null
359,KMIL1471,10-1299172,661603,SAIPEM SPA,2021-12-25 02:43,2022-05-31 00:00,661603_ITA_San Donato Milanese,null
360,PHYD345,,9319,KUEHNE AND NAGEL MANAGEMENT AG,2021-12-25 02:43,2022-06-01 00:00,9319_IND_Secunderabad_001,null
361,PLAX2262,internal,33852,CAP GEMINI SERVICE,2021-12-25 02:43,2022-06-02 00:00,33852_USA_Los Angeles_001,null
362,PMBW052,10-1172415,684808,BASF SE,2021-12-25 02:43,2022-06-03 00:00,684808_AUS_Cheltenham_002,null
363,PKTW3990,10-1292730,57617,APH TYPE 2 INFRASTRUCTURE,2021-12-25 02:44,2022-06-04 00:00,null,null
364,PKUL2105,10-1200857,36572,MINISTRY OF FOREIGN AFFAIRS NETHERL,2021-12-25 02:44,2022-06-05 00:00,36572_MYS_Kuala Lumpur_003,null
365,PKUL2106,10-1200857,36572,MINISTRY OF FOREIGN AFFAIRS NETHERL,2021-12-25 02:44,2022-06-06 00:00,36572_MYS_Kuala Lumpur_003,null
366,PKUL2107,10-1200548,36572,MINISTRY OF FOREIGN AFFAIRS NETHERL,2021-12-25 02:44,2022-06-07 00:00,36572_MYS_Kuala Lumpur_003,null
367,PNGO470,Internal,53849,AIRPORTHUB,2021-12-25 02:45,2022-06-08 00:00,53849_JPN_Nagoya_00001,null
368,PNGO471,Internal,53849,AIRPORTHUB,2021-12-25 02:45,2022-06-09 00:00,53849_JPN_Nagoya_00001,null
369,PTMP060,10-1265786,39350,AVERY DENNISON CORPORATION,2021-12-25 02:45,2022-06-10 00:00,39350_FIN_Tampere_001,null
370,SANR1178,10-1272183,39398,MASTERCARD INTERNATIONAL,2021-12-25 02:45,2022-06-11 00:00,39398_BEL_Zaventem_003,null
371,PBOG180,,35504,SITA CORP. VOICE,2021-12-25 02:46,2022-06-12 00:00,35504_COL_Bogota_001,null
372,SLCY514,,23651,EXXONMOBIL,2021-12-25 02:46,2022-06-13 00:00,23651_GBR_London_004,null
373,PMOW3185,10-1287020,6485,MINISTRY OF FOREIGN AFFAIRS AND TRA,2021-12-25 02:46,2022-06-14 00:00,6485_Moscow,null
374,PMOW2313,10-1287020,6485,MINISTRY OF FOREIGN AFFAIRS AND TRA,2021-12-25 02:46,2022-06-15 00:00,6485_Moscow,null
375,PSXB714,10-1300517,674826,SIEMENS AG,2021-12-25 02:47,2022-06-16 00:00,674826_FRA_Illkirch-Graffensta,null
376,PWAW13952,10-1254678,684808,BASF SE,2021-12-25 02:47,2022-06-17 00:00,684808_POL_Warszawa_006,null
377,PWAW13951,10-1254678,684808,BASF SE,2021-12-25 02:47,2022-06-18 00:00,684808_POL_Warszawa_006,null
378,PSXB713,10-1300517,674826,SIEMENS AG,2021-12-25 02:48,2022-06-19 00:00,674826_FRA_Illkirch-Graffensta,null
379,PHYD318,,6,BRITISH AIRWAYS PLC,2021-12-25 02:48,2022-06-20 00:00,6_IND_Hyderabad_003,null
380,PHYD203,,158,SAUDI ARABIAN AIRLINES,2021-12-25 02:48,2022-06-21 00:00,158_IND_Hyderabad_00002,null
381,PKUL2095,10-1180774,9396,GIVAUDAN INTERNATIONAL SA,2021-12-25 02:48,2022-06-22 00:00,9396_MYS_Petaling Jaya_001,null
382,PHOU964,10-1305892,674826,SIEMENS AG,2021-12-25 02:48,2022-06-23 00:00,674826_USA_Houston_00041,null
383,PXSS044,10-1121725,684808,BASF SE,2021-12-25 02:49,2022-06-24 00:00,684808_FRA_Villeneuve-Saint-Ge,null
384,PXSS046,10-1121725,684808,BASF SE,2021-12-25 02:49,2022-06-25 00:00,684808_FRA_Villeneuve-Saint-Ge,null
385,PSJU471,10-1182391,684808,BASF SE,2021-12-25 02:50,2022-06-26 00:00,684808_PRI_Catano_001,null
386,PUIP185,10-1185403,672782,SCHENKER AG,2021-12-25 02:50,2022-06-27 00:00,672782_FRA_Lothey_001,null
387,PNIM124,10-1081495,676244,SERVICE PUBLIC FEDERAL AFFAIRES ETR,2021-12-25 02:50,2022-06-28 00:00,676244_NER_Niamey_003,null
388,PANK635,10-1200466,36572,MINISTRY OF FOREIGN AFFAIRS NETHERL,2021-12-25 02:50,2022-06-29 00:00,36572_TUR_Cankaya_002,null
389,PANK634,10-1200466,36572,MINISTRY OF FOREIGN AFFAIRS NETHERL,2021-12-25 02:50,2022-06-30 00:00,36572_TUR_Cankaya_002,null
390,PEMA166,10-1181247,23542,TRELLEBORG AB PUBL,2021-12-25 02:51,2022-07-01 00:00,23542_GBR_Long Eaton_001,null
391,PNCL550,10-1256945,684808,BASF SE,2021-12-25 02:51,2022-07-02 00:00,684808_GBR_Sunderland_003,null
392,PARB029,10-1244642,674826,SIEMENS AG,2021-12-25 02:51,2022-07-03 00:00,674826_USA_Ann Arbor_006,null
393,PARB028,10-1244642,674826,SIEMENS AG,2021-12-25 02:51,2022-07-04 00:00,674826_USA_Ann Arbor_006,null
394,SKBI007,10-1298685,23651,EXXONMOBIL,2021-12-25 02:51,2022-07-05 00:00,23651_CMR_Kribi_002,null
395,PANK636,10-1200546,36572,MINISTRY OF FOREIGN AFFAIRS NETHERL,2021-12-25 02:52,2022-07-06 00:00,36572_TUR_Cankaya_002,null
396,PHOU1000,10-1218810,674826,SIEMENS AG,2021-12-25 02:52,2022-07-07 00:00,674826_USA_Houston_00041,null
397,PHOU1001,10-1218810,674826,SIEMENS AG,2021-12-25 02:52,2022-07-08 00:00,674826_USA_Houston_00041,null
398,SQJB021,10-1301280,23651,EXXONMOBIL,2021-12-25 02:52,2022-07-09 00:00,23651_SAU_Al Jubail_00001,null
399,PKPD010,10-1214339,674826,SIEMENS AG,2021-12-25 02:52,2022-07-10 00:00,674826_USA_Malvern_003,null
400,PLIS2519,10-1254655,684808,BASF SE,2021-12-25 02:53,2022-07-11 00:00,684808_PRT_Mem Martins_001,null
401,PLIS2140,10-1299902,60742,AIR FRANCE - COMPAGNIE NATIONALE AIR FRANCE S.A.,2021-12-25 02:53,2022-07-12 00:00,60742_PRT_Lisbon_001,null
402,PLIS2069,10-1300008,18112,SITA MESSAGING SERVICES,2021-12-25 02:53,2022-07-13 00:00,18112_PRT_Lisbon_00002,null
403,PLIS2135,10-1300382,57084,BELL CANADA,2021-12-25 02:53,2022-07-14 00:00,57084_PRT_Lisbon_001,null
404,PBJX121,10-1221024,684808,BASF SE,2021-12-25 02:53,2022-07-15 00:00,684808_MEX_Silao_001,null
405,PRMQ024,,53849,AIRPORTHUB,2021-12-25 02:54,2022-07-16 00:00,53849_TWN_Taichung City_002,null
406,PSVO095,10-1172154,684808,BASF SE,2021-12-25 02:54,2022-07-17 00:00,684808_RUS_Moskva_001,null
407,PLYS1067,10-1188194,672782,SCHENKER AG,2021-12-25 02:54,2022-07-18 00:00,672782_FRA_Saint-Quentin-Falla,null
408,PDME167,10-1172152,684808,BASF SE,2021-12-25 02:54,2022-07-19 00:00,684808_RUS_Pavlovsky Posad_002,null
409,PDME166,10-1172152,684808,BASF SE,2021-12-25 02:55,2022-07-20 00:00,684808_RUS_Pavlovsky Posad_002,null
410,PVOZ037,10-1191796,684808,BASF SE,2021-12-25 02:55,2022-07-21 00:00,684808_RUS_Voronezh_001,null
411,SDAC694,10-1195494,39398,MASTERCARD INTERNATIONAL,2021-12-25 02:55,2022-07-22 00:00,39398_BGD_Dhaka_00007,null
412,SBOM2189,10-1305853,14359,MASTERCARD INTERNATIONAL,2021-12-25 02:55,2022-07-23 00:00,14359_IND_Mumbai_006,null
413,PTUN446,10-1121726,684808,BASF SE,2021-12-25 02:56,2022-07-24 00:00,684808_TUN_Tunis Belvedere_001,null
414,PFEP020,10-1154701,684808,BASF SE,2021-12-25 02:56,2022-07-25 00:00,684808_USA_Freeport_003,null
415,PBHX1534,10-1079574,684808,BASF SE,2021-12-25 02:56,2022-07-26 00:00,null,null
416,PMAN1488,10-1125227,10524,MAERSK LINE AS,2021-12-25 02:56,2022-07-27 00:00,10524_GBR_Salford_001,null
417,PBHX1533,10-1079572,684808,BASF SE,2021-12-25 02:57,2022-07-28 00:00,684808_GBR_Redditch_006,null
418,PEZE227,Internal,53849,AIRPORTHUB,2021-12-25 02:57,2022-07-29 00:00,53849_ARG_Buenos Aires_007,null
419,PPRG2234,10-1264701,30623,MERITOR,2021-12-25 02:57,2022-07-30 00:00,30623_CZE_Vrchlabi_001,null
420,PLED612,10-1191793,684808,BASF SE,2021-12-25 02:57,2022-07-31 00:00,684808_RUS_Vsevolozhsk_002,null
421,PBOM1902,10-1261149,674826,SIEMENS AG,2021-12-25 02:57,2022-08-01 00:00,OINMUMBA6592,null
422,PQCC023,10-1206401,684808,BASF SE,2021-12-25 02:58,2022-08-02 00:00,684808_BRA_Polo Petroquimico_0,null
423,PQCC022,10-1206401,684808,BASF SE,2021-12-25 02:58,2022-08-03 00:00,684808_BRA_Polo Petroquimico_0,null
424,PQIP012,10-1173521,684808,BASF SE,2021-12-25 02:58,2022-08-04 00:00,684808_DEU_Dingolfing_001,null
425,PZAG735,10-1160110,684808,BASF SE,2021-12-25 02:58,2022-08-05 00:00,684808_HRV_Zagreb_001,null
426,PZAG734,10-1160110,684808,BASF SE,2021-12-25 02:58,2022-08-06 00:00,684808_HRV_Zagreb_001,null
427,PKRR086,10-1196166,684808,BASF SE,2021-12-25 02:59,2022-08-07 00:00,684808_RUS_Krasnodar_002,null
428,PGLO309,10-1173519,684808,BASF SE,2021-12-25 02:59,2022-08-08 00:00,684808_GBR_Cinderford_001,null
429,PGLO310,10-1173519,684808,BASF SE,2021-12-25 02:59,2022-08-09 00:00,684808_GBR_Cinderford_001,null
430,PPOZ8286,10-1235427,684808,BASF SE,2021-12-25 02:59,2022-08-10 00:00,684808_POL_Poznan_003,null
431,PSHA3413,10-1287021,6485,MINISTRY OF FOREIGN AFFAIRS AND TRA,2021-12-25 02:59,2022-08-11 00:00,MFAT_SHANGHAI_NEW,null
432,PTLS1167,10-1240078,672782,SCHENKER AG,2021-12-25 03:00,2022-08-12 00:00,672782_FRA_Colomiers_001,null
433,PBOM1913,10-1261149,674826,SIEMENS AG,2021-12-25 03:00,2022-08-13 00:00,OINMUMBA6592,null
434,PZCY018,10-1266816,684808,BASF SE,2021-12-25 03:00,2022-08-14 00:00,684808_DEU_Dueren_001,null
435,PZNB048,10-1118514,684808,BASF SE,2021-12-25 03:00,2022-08-15 00:00,684808_DEU_Hamm_003,null
436,PLIS2408,10-1301867,53849,AIRPORTHUB,2021-12-25 03:01,2022-08-16 00:00,53849_PRT_Lisbon_00001,null
437,PLIS2404,10-1302074,53849,AIRPORTHUB,2021-12-25 03:01,2022-08-17 00:00,53849_PRT_Lisbon_00004,null
438,PSSZ133,10-1209964,684808,BASF SE,2021-12-25 03:01,2022-08-18 00:00,684808_BRA_Ilha Barnabé_002,null
439,PLIS1500,10-1299277,60742,AIR FRANCE - COMPAGNIE NATIONALE AIR FRANCE S.A.,2021-12-25 03:01,2022-08-19 00:00,60742_PRT_Lisbon_002,null
440,PEZE226,Internal,53849,AIRPORTHUB,2021-12-25 03:01,2022-08-20 00:00,53849_ARG_Buenos Aires_007,null
441,PCGO033,10-1297997,2281,METTLER TOLEDO AG,2021-12-25 03:02,2022-08-21 00:00,CN ZhengZhou MTCN,null
442,PRDU279,10-1234719,674826,SIEMENS AG,2021-12-25 03:02,2022-08-22 00:00,689614_USA_Raleigh_002,null
443,PHRK035,10-1233986,57617,APH TYPE 2 INFRASTRUCTURE,2021-12-25 03:02,2022-08-23 00:00,57617_UKR_KHARKOV_001,null
444,PHRK036,10-1233986,57617,APH TYPE 2 INFRASTRUCTURE,2021-12-25 03:02,2022-08-24 00:00,57617_UKR_KHARKOV_001,null
445,PVLC746,10-1079718,684808,BASF SE,2021-12-25 03:03,2022-08-25 00:00,684808_ESP_Almussafes_001,null
446,PQXB227,10-1098463,684808,BASF SE,2021-12-25 03:03,2022-08-26 00:00,684808_FRA_Vitrolles_001,null
447,PBCN3279,10-1269010,687124,NOURYON CHEMICALS BV,2021-12-25 03:03,2022-08-27 00:00,687124_ESP_Barcelona_001,null
448,PRIO1147,10-1275682,30075,PHILIP MORRIS INTERNATIONAL,2021-12-25 03:03,2022-08-28 00:00,30075_BRA_Rio de Janeiro_001,null
449,PRIO1137,10-1275682,30075,PHILIP MORRIS INTERNATIONAL,2021-12-25 03:04,2022-08-29 00:00,30075_BRA_Rio de Janeiro_001,BR-RIO-OBS
450,PQEV437,10-1286274,677992,AMCOR GROUP GMBH,2021-12-25 03:04,2022-08-30 00:00,677992_FRA_Colombes_001,null
451,PCOK140,10-1293572,158,SAUDI ARABIAN AIRLINES,2021-12-25 03:04,2022-08-31 00:00,158_IND_Kochi_00003,null
452,PQEV438,10-1286274,677992,AMCOR GROUP GMBH,2021-12-25 03:04,2022-09-01 00:00,677992_FRA_Colombes_001,null
453,PMAA684,10-1301226,10524,MAERSK LINE AS,2021-12-25 03:04,2022-09-02 00:00,10524_IND_Chennai_00003,null
454,PGAQ001,10-1301642,680234,ICRC,2021-12-25 03:05,2022-09-03 00:00,680234_MLI_Gao Region_001,null
455,PMHT065,10-1252567,677992,AMCOR GROUP GMBH,2021-12-25 03:05,2022-09-04 00:00,NA219 Amcor,null
456,PFBM058,10-1232723,57617,APH TYPE 2 INFRASTRUCTURE,2021-12-25 03:05,2022-09-05 00:00,57617_COD_Lubumbashi_001,null
457,PZHA047,10-1274621,684808,BASF SE,2021-12-25 03:05,2022-09-06 00:00,684808_CHN_Jiangmen_001,null
458,PCTG061,,60742,AIR FRANCE - COMPAGNIE NATIONALE AIR FRANCE S.A.,2021-12-25 03:05,2022-09-07 00:00,60742_COL_Cartagena_001,null
459,PYAO066,10-1301700,680234,ICRC,2021-12-25 03:06,2022-09-08 00:00,YAO_ICRC,null
460,PCGK268,10-1277004,53849,AIRPORTHUB,2021-12-25 03:06,2022-09-09 00:00,53849_IDN_Tangerang_000,
